Supply,Amount,Unit Price,Total Price,Artist Fee,Platform Fee
1000.0,1000,0.000025,25.0,3.75,1.25
2100.0,1100,0.042521,72.4625,10.869375,3.6231250000000004
3300.0,1200,0.078916,121.728673,18.25930095,6.08643365
4600.0,1300,0.112933,175.705174,26.3557761,8.7852587
6000.0,1400,0.145955,235.407492,35.3111238,11.7703746
7500.0,1500,0.1786,301.364024,45.20460359999999,15.068201199999999
9100.0,1600,0.211192,373.925933,56.088889949999995,18.69629665
10800.0,1700,0.243915,453.36315,68.0044725,22.668157500000003
12600.0,1800,0.276885,539.902064,80.9853096,26.995103200000003
14500.0,1900,0.310175,633.742838,95.0614257,31.6871419
16500.0,2000,0.343834,735.068336,110.2602504,36.753416800000004
18600.0,2100,0.377892,844.049125,126.60736874999999,42.202456250000004
20800.0,2200,0.412372,960.846501,144.12697515,48.04232505
23100.0,2300,0.447287,1085.614425,162.84216375,54.28072125
25500.0,2400,0.482647,1218.500819,182.77512285,60.92504095000001
28000.0,2500,0.518455,1359.648486,203.9472729,67.9824243
30600.0,2600,0.554715,1509.195784,226.3793676,75.4597892
33300.0,2700,0.591427,1667.277129,250.09156935,83.36385645000001
36100.0,2800,0.62859,1834.0234,275.10350999999997,91.70117
39000.0,2900,0.666203,2009.562253,301.43433795,100.47811265000001
42000.0,3000,0.704261,2194.018386,329.10275790000003,109.70091930000001
45100.0,3100,0.742763,2387.513759,358.12706384999996,119.37568795
48300.0,3200,0.781704,2590.16778,388.525167,129.50838900000002
51600.0,3300,0.821079,2802.09747,420.3146205,140.10487350000002
55000.0,3400,0.860886,3023.417602,453.5126403,151.1708801
58500.0,3500,0.901119,3254.24083,488.1361245,162.71204150000003
62100.0,3600,0.941774,3494.677799,524.20166985,174.73388995000002
65800.0,3700,0.982846,3744.837248,561.7255872,187.2418624
69600.0,3800,1.024331,4004.8261,600.723915,200.241305
73500.0,3900,1.066224,4274.74955,641.2124325000001,213.73747750000004
77500.0,4000,1.108521,4554.711138,683.2066706999999,227.7355569
81600.0,4100,1.151217,4844.812821,726.7219231500001,242.24064105000002
85800.0,4200,1.194308,5145.155039,771.77325585,257.25775195
90100.0,4300,1.237789,5455.836777,818.37551655,272.79183885000003
94500.0,4400,1.281657,5776.955618,866.5433426999999,288.84778090000003
99000.0,4500,1.325906,6108.607802,916.2911703000001,305.4303901
103600.0,4600,1.370533,6450.888269,967.6332403499999,322.54441345000004
108300.0,4700,1.415534,6803.890709,1020.58360635,340.19453545000005
113100.0,4800,1.460904,7167.707606,1075.1561408999999,358.3853803
118000.0,4900,1.506641,7542.430279,1131.36454185,377.12151395
123000.0,5000,1.552739,7928.148917,1189.22233755,396.40744585000004
128100.0,5100,1.599196,8324.952623,1248.7428934499999,416.24763114999996
133300.0,5200,1.646007,8732.929441,1309.93941615,436.64647205000006
138600.0,5300,1.69317,9152.166395,1372.82495925,457.60831975
144000.0,5400,1.74068,9582.749516,1437.4124273999998,479.1374758
149500.0,5500,1.788534,10024.763874,1503.7145811,501.2381937
155100.0,5600,1.836729,10478.293606,1571.7440408999998,523.9146803
160800.0,5700,1.885262,10943.421944,1641.5132916,547.1710972
166600.0,5800,1.934129,11420.231235,1713.03468525,571.0115617499999
172500.0,5900,1.983328,11908.802974,1786.3204461,595.4401487
178500.0,6000,2.032854,12409.21782,1861.3826729999998,620.4608910000001
184600.0,6100,2.082706,12921.555623,1938.23334345,646.0777811500001
190800.0,6200,2.132881,13445.895444,2016.8843166,672.2947722
197100.0,6300,2.183374,13982.315573,2097.34733595,699.11577865
203500.0,6400,2.234184,14530.893554,2179.6340331,726.5446777000001
210000.0,6500,2.285309,15091.706197,2263.75592955,754.58530985
216600.0,6600,2.336744,15664.829603,2349.7244404499997,783.24148015
223300.0,6700,2.388488,16250.339175,2437.55087625,812.51695875
230100.0,6800,2.440538,16848.30964,2527.2464459999997,842.415482
237000.0,6900,2.492891,17458.81506,2618.822259,872.9407530000001
244000.0,7000,2.545545,18081.928853,2712.28932795,904.0964426500001
251100.0,7100,2.598498,18717.723803,2807.65857045,935.8861901500001
258300.0,7200,2.651747,19366.272075,2904.94081125,968.3136037500001
265600.0,7300,2.70529,20027.645232,3004.1467847999998,1001.3822616
273000.0,7400,2.759124,20701.914246,3105.2871369,1035.0957123
280500.0,7500,2.813248,21389.14951,3208.3724264999996,1069.4574755
288100.0,7600,2.867659,22089.42085,3313.4131274999995,1104.4710425
295800.0,7700,2.922354,22802.797541,3420.41963115,1140.13987705
303600.0,7800,2.977333,23529.348314,3529.4022471,1176.4674157
311500.0,7900,3.032592,24269.141369,3640.37120535,1213.4570684500002
319500.0,8000,3.08813,25022.244387,3753.3366580499996,1251.11221935
327600.0,8100,3.143945,25788.724536,3868.3086804,1289.4362268000002
335800.0,8200,3.200034,26568.648487,3985.2972730499996,1328.43242435
344100.0,8300,3.256397,27362.082421,4104.312363149999,1368.10412105
352500.0,8400,3.31303,28169.092036,4225.363805399999,1408.4546018
361000.0,8500,3.369932,28989.74256,4348.461383999999,1449.487128
369600.0,8600,3.427101,29824.09876,4473.614814,1491.204938
378300.0,8700,3.484536,30672.224945,4600.83374175,1533.6112472500001
387100.0,8800,3.542235,31534.184983,4730.127747449999,1576.70924915
396000.0,8900,3.600195,32410.042301,4861.50634515,1620.5021150500002
405000.0,9000,3.658416,33299.859898,4994.9789847,1664.9929949000002
414100.0,9100,3.716895,34203.700352,5130.555052799999,1710.1850176
423300.0,9200,3.775631,35121.625824,5268.2438736,1756.0812912000001
432600.0,9300,3.834622,36053.698071,5408.05471065,1802.68490355
442000.0,9400,3.893867,36999.978445,5549.99676675,1849.99892225
451500.0,9500,3.953364,37960.52791,5694.079186499999,1898.0263955
461100.0,9600,4.013111,38935.40704,5840.311056,1946.770352
470800.0,9700,4.073108,39924.676029,5988.70140435,1996.23380145
480600.0,9800,4.133352,40928.394696,6139.2592044,2046.4197348000002
490500.0,9900,4.193841,41946.622496,6291.9933744,2097.3311248000005
500500.0,10000,4.254576,42979.418517,6446.912777549999,2148.97092585
510600.0,10100,4.315554,44026.841495,6604.02622425,2201.34207475
520800.0,10200,4.376773,45088.949812,6763.3424718,2254.4474906
531100.0,10300,4.438232,46165.801507,6924.8702260499995,2308.29007535
541500.0,10400,4.499931,47257.45428,7088.618141999999,2362.872714
552000.0,10500,4.561867,48363.965494,7254.5948241,2418.1982746999997
562600.0,10600,4.624039,49485.392186,7422.808827899999,2474.2696093
573300.0,10700,4.686447,50621.791066,7593.268659899999,2531.0895533000003
584100.0,10800,4.749088,51773.218526,7765.982778899999,2588.6609263
595000.0,10900,4.811961,52939.730642,7940.9595963,2646.9865321
606000.0,11000,4.875066,54121.383181,8118.207477149999,2706.06915905
617100.0,11100,4.9384,55318.231605,8297.73474075,2765.91158025
628300.0,11200,5.001963,56530.331073,8479.54966095,2826.5165536500003
639600.0,11300,5.065754,57757.736449,8663.66046735,2887.88682245
651000.0,11400,5.129771,59000.502302,8850.0753453,2950.0251151
662500.0,11500,5.194013,60258.682916,9038.8024374,3012.9341458
674100.0,11600,5.258478,61532.332288,9229.8498432,3076.6166144
685800.0,11700,5.323167,62821.504134,9423.2256201,3141.0752067000003
697600.0,11800,5.388077,64126.251894,9618.9377841,3206.3125947000003
709500.0,11900,5.453208,65446.628738,9816.9943107,3272.3314369
721500.0,12000,5.518559,66782.687561,10017.40313415,3339.13437805
733600.0,12100,5.584128,68134.480997,10220.17214955,3406.7240498500005
745800.0,12200,5.649914,69502.061416,10425.3092124,3475.1030708
758100.0,12300,5.715916,70885.480929,10632.822139349999,3544.2740464500002
770500.0,12400,5.782134,72284.791393,10842.71870895,3614.2395696500007
783000.0,12500,5.848566,73700.044412,11055.0066618,3685.0022206000003
795600.0,12600,5.915211,75131.291341,11269.69370115,3756.5645670500003
808300.0,12700,5.982068,76578.583291,11486.78749365,3828.92916455
821100.0,12800,6.049136,78041.971127,11706.29566905,3902.09855635
834000.0,12900,6.116415,79521.505478,11928.2258217,3976.0752739000004
847000.0,13000,6.183902,81017.236735,12152.585510249999,4050.8618367500003
860100.0,13100,6.251599,82529.215057,12379.382258549998,4126.46075285
873300.0,13200,6.319502,84057.490369,12608.623555350001,4202.87451845
886600.0,13300,6.387612,85602.112371,12840.316855649999,4280.10561855
900000.0,13400,6.455927,87163.130536,13074.469580399998,4358.1565268
913500.0,13500,6.524447,88740.594116,13311.089117399999,4437.0297058
927100.0,13600,6.593171,90334.552143,13550.182821449998,4516.72760715
940800.0,13700,6.662097,91945.05343,13791.7580145,4597.2526715
954600.0,13800,6.731225,93572.146578,14035.821986699999,4678.6073289000005
968500.0,13900,6.800555,95215.879973,14282.38199595,4760.7939986500005
982500.0,14000,6.870084,96876.301793,14531.445268950001,4843.81508965
996600.0,14100,6.939813,98553.460009,14783.01900135,4927.6730004500005
1010800.0,14200,7.00974,100247.402385,15037.110357749998,5012.37011925
1025100.0,14300,7.079865,101958.176485,15293.72647275,5097.90882425
1039500.0,14400,7.150187,103685.82967,15552.8744505,5184.291483500001
1054000.0,14500,7.220705,105430.409104,15814.5613656,5271.5204552000005
1068600.0,14600,7.291418,107191.961756,16078.7942634,5359.598087800001
1083300.0,14700,7.362325,108970.534399,16345.580159849998,5448.52671995
1098100.0,14800,7.433426,110766.173616,16614.9260424,5538.308680800001
1113000.0,14900,7.50472,112578.9258,16886.83887,5628.94629
1128000.0,15000,7.576206,114408.837157,17161.32557355,5720.441857850001
1143100.0,15100,7.647883,116255.953705,17438.39305575,5812.7976852500005
1158300.0,15200,7.719751,118120.321281,17718.04819215,5906.01606405
1173600.0,15300,7.791809,120001.985539,18000.29783085,6000.099276950001
1189000.0,15400,7.864056,121900.991954,18285.148793099997,6095.0495977
1204500.0,15500,7.936491,123817.385822,18572.6078733,6190.8692911
1220100.0,15600,8.009113,125751.212265,18862.68183975,6287.56061325
1235800.0,15700,8.081923,127702.516228,19155.3774342,6385.1258114
1251600.0,15800,8.154919,129671.342486,19450.7013729,6483.5671243
1267500.0,15900,8.2281,131657.735641,19748.66034615,6582.886782050001
1283500.0,16000,8.301466,133661.740129,20049.26101935,6683.087006450001
1299600.0,16100,8.375016,135683.400216,20352.5100324,6784.1700108000005
1315800.0,16200,8.448749,137722.760002,20658.4140003,6886.1380001
1332100.0,16300,8.522666,139779.863427,20966.97951405,6988.993171350001
1348500.0,16400,8.596764,141854.754263,21278.21313945,7092.737713150001
1365000.0,16500,8.671044,143947.476127,21592.12141905,7197.37380635
1381600.0,16600,8.745504,146058.072472,21908.710870799998,7302.9036236
1398300.0,16700,8.820145,148186.586596,22227.9879894,7409.329329800001
1415100.0,16800,8.894965,150333.06164,22549.959246,7516.653082000001
1432000.0,16900,8.969963,152497.54059,22874.6310885,7624.8770294999995
1449000.0,17000,9.04514,154680.06628,23202.009942,7734.0033140000005
1466100.0,17100,9.120495,156880.68139,23532.1022085,7844.034069500001
1483300.0,17200,9.196026,159099.428453,23864.91426795,7954.97142265
1500600.0,17300,9.271734,161336.34985,24200.4524775,8066.8174925
1518000.0,17400,9.347618,163591.487816,24538.7231724,8179.5743908
1535500.0,17500,9.423676,165864.884438,24879.7326657,8293.2442219
1553100.0,17600,9.49991,168156.581662,25223.4872493,8407.829083100001
1570800.0,17700,9.576317,170466.621286,25569.9931929,8523.3310643
1588600.0,17800,9.652897,172795.044968,25919.2567452,8639.7522484
1606500.0,17900,9.72965,175141.894226,26271.2841339,8757.0947113
1624500.0,18000,9.806575,177507.210436,26626.0815654,8875.3605218
1642600.0,18100,9.883672,179891.034838,26983.655225699997,8994.5517419
1660800.0,18200,9.96094,182293.408531,27344.01127965,9114.67042655
1679100.0,18300,10.038379,184714.372483,27707.155872450003,9235.71862415
1697500.0,18400,10.115987,187153.967523,28073.09512845,9357.69837615
1716000.0,18500,10.193765,189612.234349,28441.83515235,9480.611717450001
1734600.0,18600,10.271711,192089.213525,28813.38202875,9604.46067625
1753300.0,18700,10.349826,194584.945484,29187.741822599997,9729.2472742
1772100.0,18800,10.428108,197099.47053,29564.920579499998,9854.9735265
1791000.0,18900,10.506558,199632.828835,29944.92432525,9981.64144175
1810000.0,19000,10.585175,202185.060447,30327.75906705,10109.25302235
1829100.0,19100,10.663957,204756.205283,30713.430792449995,10237.81026415
1848300.0,19200,10.742905,207346.303138,31101.945470699997,10367.3151569
1867600.0,19300,10.822018,209955.393679,31493.30905185,10497.76968395
1887000.0,19400,10.901296,212583.51645,31887.527467499996,10629.175822500001
1906500.0,19500,10.980738,215230.710874,32284.6066311,10761.535543700002
1926100.0,19600,11.060344,217897.016251,32684.552437649996,10894.850812550001
1945800.0,19700,11.140112,220582.471759,33087.37076385,11029.123587950002
1965600.0,19800,11.220043,223287.116459,33493.06746885,11164.355822950001
1985500.0,19900,11.300136,226010.98929,33901.6483935,11300.5494645
2005500.0,20000,11.380391,228754.129077,34313.119361549994,11437.70645385
2025600.0,20100,11.460807,231516.574525,34727.48617875,11575.828726250002
2045800.0,20200,11.541384,234298.364224,35144.754633599994,11714.9182112
2066100.0,20300,11.622121,237099.536649,35564.93049735,11854.97683245
2086500.0,20400,11.703017,239920.130161,35988.01952415,11996.00650805
2107000.0,20500,11.784073,242760.183008,36414.027451199996,12138.009150400001
2127600.0,20600,11.865287,245619.733326,36842.9599989,12280.9866663
2148300.0,20700,11.94666,248498.819137,37274.82287055,12424.940956850001
2169100.0,20800,12.028191,251397.478356,37709.6217534,12569.873917800001
2190000.0,20900,12.109879,254315.748786,38147.3623179,12715.787439300002
2211000.0,21000,12.191723,257253.668121,38588.05021815,12862.68340605
2232100.0,21100,12.273725,260211.273949,39031.691092349996,13010.563697450001
2253300.0,21200,12.355882,263188.603749,39478.29056235,13159.430187450002
2274600.0,21300,12.438195,266185.694893,39927.85423395,13309.284744650002
2296000.0,21400,12.520664,269202.584648,40380.3876972,13460.129232400002
2317500.0,21500,12.603286,272239.310178,40835.8965267,13611.9655089
2339100.0,21600,12.686064,275295.908541,41294.38628114999,13764.79542705
2360800.0,21700,12.768995,278372.416692,41755.862503799995,13918.6208346
2382600.0,21800,12.852079,281468.871482,42220.330722299994,14073.4435741
2404500.0,21900,12.935317,284585.309664,42687.7964496,14229.2654832
2426500.0,22000,13.018707,287721.767887,43158.265183049996,14386.088394350001
2448600.0,22100,13.102249,290878.282699,43631.742404849996,14543.914134949999
2470800.0,22200,13.185943,294054.890553,44108.23358294999,14702.74452765
2493100.0,22300,13.269789,297251.627797,44587.744169549995,14862.58138985
2515500.0,22400,13.353785,300468.530686,45070.2796029,15023.4265343
2538000.0,22500,13.437932,303705.635374,45555.8453061,15185.2817687
2560600.0,22600,13.522229,306962.977921,46044.44668815,15348.14889605
2583300.0,22700,13.606676,310240.59429,46536.089143499994,15512.0297145
2606100.0,22800,13.691273,313538.520347,47030.778052049995,15676.92601735
2629000.0,22900,13.776018,316856.791865,47528.51877975,15842.839593249999
2652000.0,23000,13.860912,320195.444523,48029.31667845,16009.77222615
2675100.0,23100,13.945954,323554.513907,48533.177086050004,16177.725695350002
2698300.0,23200,14.031143,326934.035508,49040.1053262,16346.7017754
2721600.0,23300,14.116481,330334.044728,49550.1067092,16516.7022364
2745000.0,23400,14.201965,333754.576875,50063.18653125,16687.728843750003
2768500.0,23500,14.287596,337195.667167,50579.35007505,16859.78335835
2792100.0,23600,14.373373,340657.350733,51098.60260995,17032.867536650003
2815800.0,23700,14.459296,344139.66261,51620.9493915,17206.9831305
2839600.0,23800,14.545365,347642.637749,52146.39566235,17382.13188745
2863500.0,23900,14.631579,351166.31101,52674.9466515,17558.3155505
2887500.0,24000,14.717937,354710.717166,53206.607574899994,17735.5358583
2911600.0,24100,14.80444,358275.890903,53741.38363545,17913.79454515
2935800.0,24200,14.891088,361861.866821,54279.28002315,18093.09334105
2960100.0,24300,14.977878,365468.679433,54820.301914949996,18273.43397165
2984500.0,24400,15.064813,369096.363167,55364.45447505,18454.81815835
3009000.0,24500,15.15189,372744.952366,55911.742854899996,18637.2476183
3033600.0,24600,15.23911,376414.481288,56462.1721932,18820.7240644
3058300.0,24700,15.326473,380104.984108,57015.7476162,19005.2492054
3083100.0,24800,15.413977,383816.494917,57572.47423755,19190.82474585
3108000.0,24900,15.501623,387549.047724,58132.357158599996,19377.452386200002
3133000.0,25000,15.58941,391302.676457,58695.40146855,19565.133822850003
3158100.0,25100,15.677339,395077.414958,59261.6122437,19753.8707479
3183300.0,25200,15.765408,398873.296993,59830.99454895,19943.664849650002
3208600.0,25300,15.853617,402690.356245,60403.55343674999,20134.51781225
3234000.0,25400,15.941966,406528.626315,60979.29394725,20326.43131575
3259500.0,25500,16.030455,410388.140728,61558.2211092,20519.407036400004
3285100.0,25600,16.119083,414268.932928,62140.3399392,20713.4466464
3310800.0,25700,16.20785,418171.03628,62725.655441999996,20908.551814000002
3336600.0,25800,16.296756,422094.484072,63314.1726108,21104.724203600003
3362500.0,25900,16.3858,426039.309513,63905.89642695,21301.965475650002
3388500.0,26000,16.474982,430005.545737,64500.831860549995,21500.277286850003
3414600.0,26100,16.564301,433993.225798,65098.983869699994,21699.661289900003
3440800.0,26200,16.653759,438002.382678,65700.3574017,21900.119133900003
3467100.0,26300,16.743353,442033.049279,66304.95739185,22101.652463950002
3493500.0,26400,16.833084,446085.258431,66912.78876465,22304.262921550002
3520000.0,26500,16.922951,450159.042888,67523.8564332,22507.952144400002
3546600.0,26600,17.012954,454254.435328,68138.1652992,22712.7217664
3573300.0,26700,17.103094,458371.468357,68755.72025355,22918.57341785
3600100.0,26800,17.193369,462510.174509,69376.52617634999,23125.50872545
3627000.0,26900,17.283779,466670.58624,70000.587936,23333.529312
3654000.0,27000,17.374323,470852.735939,70627.91039085,23542.63679695
3681100.0,27100,17.465003,475056.655919,71258.49838784999,23752.832795950002
3708300.0,27200,17.555817,479282.378422,71892.35676329999,23964.118921100002
3735600.0,27300,17.646765,483529.935621,72529.49034315,24176.496781050002
3763000.0,27400,17.737846,487799.359614,73169.9039421,24389.967980700003
3790500.0,27500,17.829061,492090.682432,73813.6023648,24604.5341216
3818100.0,27600,17.920409,496403.936035,74460.59040525,24820.196801750004
3845800.0,27700,18.01189,500739.152312,75110.87284679999,25036.9576156
3873600.0,27800,18.103504,505096.363085,75764.45446275,25254.818154250002
3901500.0,27900,18.195249,509475.600104,76421.3400156,25473.780005200002
3929500.0,28000,18.287127,513876.895054,77081.5342581,25693.844752700003
3957600.0,28100,18.379137,518300.279549,77745.04193235,25915.013977450002
3985800.0,28200,18.471278,522745.785138,78411.86777069999,26137.2892569
4014100.0,28300,18.56355,527213.443301,79082.01649515,26360.672165050004
4042500.0,28400,18.655953,531703.28545,79755.4928175,26585.1642725
4071000.0,28500,18.748486,536215.342933,80432.30143995,26810.76714665
4099600.0,28600,18.84115,540749.64703,81112.4470545,27037.482351500003
4128300.0,28700,18.933944,545306.228957,81795.93434354999,27265.31144785
4157100.0,28800,19.026867,549885.119862,82482.7679793,27494.2559931
4186000.0,28900,19.11992,554486.350829,83172.95262435,27724.31754145
4215000.0,29000,19.213103,559109.952879,83866.49293184999,27955.497643950002
4244100.0,29100,19.306414,563755.956967,84563.39354505,28187.797848350005
4273300.0,29200,19.399854,568424.393984,85263.65909759999,28421.2196992
4302600.0,29300,19.493422,573115.294757,85967.29421355,28655.764737850004
4332000.0,29400,19.587119,577828.690051,86674.30350765,28891.43450255
4361500.0,29500,19.680943,582564.610566,87384.69158489999,29128.230528300002
4391100.0,29600,19.774895,587323.086943,88098.46304145,29366.15434715
4420800.0,29700,19.868975,592104.149756,88815.6224634,29605.207487800002
4450600.0,29800,19.963181,596907.829522,89536.1744283,29845.391476100005
4480500.0,29900,20.057515,601734.156692,90260.1235038,30086.7078346
4510500.0,30000,20.151975,606583.161658,90987.47424869999,30329.1580829
4540600.0,30100,20.246561,611454.874751,91718.23121264999,30572.74373755
4570800.0,30200,20.341274,616349.326241,92452.39893615,30817.46631205
4601100.0,30300,20.436112,621266.546337,93189.98195054999,31063.32731685
4631500.0,30400,20.531076,626206.56519,93930.9847785,31310.328259500002
4662000.0,30500,20.626166,631169.41289,94675.4119335,31558.470644500005
4692600.0,30600,20.72138,636155.119467,95423.26792005,31807.755973350002
4723300.0,30700,20.81672,641163.714893,96174.55723394999,32058.18574465
4754100.0,30800,20.912184,646195.22908,96929.28436199999,32309.761454
4785000.0,30900,21.007772,651249.691885,97687.45378274999,32562.48459425
4816000.0,31000,21.103484,656327.133103,98449.06996544999,32816.356655150004
4847100.0,31100,21.199321,661427.582472,99214.1373708,33071.3791236
4878300.0,31200,21.295281,666551.069674,99982.6604511,33327.5534837
4909600.0,31300,21.391364,671697.624332,100754.6436498,33584.881216600006
4941000.0,31400,21.487571,676867.276014,101530.09140209999,33843.3638007
4972500.0,31500,21.583901,682060.05423,102309.00813449999,34103.002711500005
5004100.0,31600,21.680353,687275.988434,103091.39826510001,34363.7994217
5035800.0,31700,21.776928,692515.108023,103877.26620345,34625.755401149996
5067600.0,31800,21.873625,697777.44234,104666.61635099999,34888.872117
5099500.0,31900,21.970444,703063.020671,105459.45310065,35153.15103355
5131500.0,32000,22.067385,708371.872248,106255.7808372,35418.5936124
5163600.0,32100,22.164447,713704.026247,107055.60393705,35685.20131235
5195800.0,32200,22.261631,719059.511789,107858.92676835,35952.975589450005
5228100.0,32300,22.358936,724438.357943,108665.75369145001,36221.91789715
5260500.0,32400,22.456362,729840.593721,109476.08905815,36492.02968605
5293000.0,32500,22.553908,735266.248082,110289.93721229999,36763.3124041
5325600.0,32600,22.651575,740715.349933,111107.30248995,37035.767496650005
5358300.0,32700,22.749362,746187.928125,111928.18921874999,37309.39640625
5391100.0,32800,22.847269,751684.011459,112752.60171884998,37584.20057295
5424000.0,32900,22.945296,757203.62868,113580.544302,37860.181434
5457000.0,33000,23.043442,762746.808482,114412.0212723,38137.3404241
5490100.0,33100,23.141708,768313.579508,115247.0369262,38415.678975400006
5523300.0,33200,23.240093,773903.970346,116085.5955519,38695.19851730001
5556600.0,33300,23.338597,779518.009535,116927.70143024999,38975.90047675
5590000.0,33400,23.437219,785155.725561,117773.35883415,39257.78627805001
5623500.0,33500,23.53596,790817.146858,118622.57202869999,39540.8573429
5657100.0,33600,23.634819,796502.301812,119475.34527179999,39825.115090600004
5690800.0,33700,23.733796,802211.218754,120331.6828131,40110.56093770001
5724600.0,33800,23.832891,807943.925967,121191.58889505,40397.19629835
5758500.0,33900,23.932104,813700.451683,122055.06775244999,40685.02258415
5792500.0,34000,24.031434,819480.824086,122922.12361289999,40974.0412043
5826600.0,34100,24.130882,825285.071306,123792.7606959,41264.2535653
5860800.0,34200,24.230446,831113.221427,124666.98321405,41555.661071350005
5895100.0,34300,24.330127,836965.302481,125544.79537215,41848.26512405
5929500.0,34400,24.429925,842841.342453,126426.20136795,42142.067122650005
5964000.0,34500,24.529839,848741.369278,127311.20539169999,42437.0684639
5998600.0,34600,24.629869,854665.410843,128199.81162645,42733.27054215001
6033300.0,34700,24.730016,860613.494985,129092.02424775,43030.67474925
6068100.0,34800,24.830278,866585.649494,129987.8474241,43329.282474700005
6103000.0,34900,24.930655,872581.902112,130887.2853168,43629.095105600005
6138000.0,35000,25.031148,878602.280533,131790.34207995,43930.11402665
6173100.0,35100,25.131757,884646.812404,132697.02186059998,44232.340620200004
6208300.0,35200,25.23248,890715.525322,133607.3287983,44535.7762661
6243600.0,35300,25.333318,896808.44684,134521.267026,44840.422342000005
6279000.0,35400,25.434271,902925.604462,135438.8406693,45146.2802231
6314500.0,35500,25.535338,909067.025648,136360.05384719998,45453.3512824
6350100.0,35600,25.636519,915232.737808,137284.9106712,45761.6368904
6385800.0,35700,25.737815,921422.768308,138213.4152462,46071.138415400004
6421600.0,35800,25.839224,927637.144466,139145.5716699,46381.8572233
6457500.0,35900,25.940747,933875.893557,140081.38403354998,46693.794677850005
6493500.0,36000,26.042383,940139.042808,141020.8564212,47006.952140400004
6529600.0,36100,26.144132,946426.6194,141963.99291,47321.33097
6565800.0,36200,26.245995,952738.650472,142910.7975708,47636.9325236
6602100.0,36300,26.347971,959075.163114,143861.27446709998,47953.7581557
6638500.0,36400,26.450059,965436.184373,144815.42765595,48271.80921865001
6675000.0,36500,26.552259,971821.741252,145773.2611878,48591.0870626
6711600.0,36600,26.654573,978231.860709,146734.77910635,48911.59303545
6748300.0,36700,26.756998,984666.569656,147699.9854484,49233.3284828
6785100.0,36800,26.859535,991125.894964,148668.8842446,49556.2947482
6822000.0,36900,26.962184,997609.863456,149641.47951839998,49880.4931728
6859000.0,37000,27.064944,1004118.501916,150617.7752874,50205.925095800005
6896100.0,37100,27.167816,1010651.837082,151597.7755623,50532.5918541
6933300.0,37200,27.270799,1017209.895647,152581.48434705,50860.494782350004
6970600.0,37300,27.373894,1023792.704265,153568.90563974998,51189.63521325
7008000.0,37400,27.477099,1030400.289542,154560.0434313,51520.014477100005
7045500.0,37500,27.580414,1037032.678046,155554.90170689998,51851.633902300004
7083100.0,37600,27.683841,1043689.8963,156553.484445,52184.494815000005
7120800.0,37700,27.787377,1050371.970785,157555.79561774997,52518.59853925
7158600.0,37800,27.891024,1057078.927938,158561.8391907,52853.946396900006
7196500.0,37900,27.994781,1063810.794158,159571.6191237,53190.5397079
7234500.0,38000,28.098648,1070567.595798,160585.1393697,53528.379789900006
7272600.0,38100,28.202624,1077349.359172,161602.4038758,53867.467958600006
7310800.0,38200,28.30671,1084156.11055,162623.4165825,54207.80552750001
7349100.0,38300,28.410905,1090987.876164,163648.18142459998,54549.3938082
7387500.0,38400,28.515209,1097844.682202,164676.70233029997,54892.2341101
7426000.0,38500,28.619622,1104726.554812,165708.98322179998,55236.3277406
7464600.0,38600,28.724144,1111633.520101,166745.02801515002,55581.67600505001
7503300.0,38700,28.828774,1118565.604135,167784.84062024998,55928.28020675
7542100.0,38800,28.933513,1125522.832941,168828.42494114998,56276.14164705
7581000.0,38900,29.038361,1132505.232504,169875.7848756,56625.2616252
7620000.0,39000,29.143316,1139512.828769,170926.92431534998,56975.64143845
7659100.0,39100,29.248379,1146545.647642,171981.84714630002,57327.282382100006
7698300.0,39200,29.35355,1153603.714988,173040.5572482,57680.1857494
7737600.0,39300,29.458829,1160687.056634,174103.0584951,58034.3528317
7777000.0,39400,29.564215,1167795.698365,175169.35475475,58389.78491825001
7816500.0,39500,29.669709,1174929.665929,176239.44988934998,58746.483296449995
7856100.0,39600,29.775309,1182088.985034,177313.34775509997,59104.449251699996
7895800.0,39700,29.881017,1189273.681347,178391.05220205,59463.68406735
7935600.0,39800,29.986831,1196483.7805,179472.567075,59824.18902500001
7975500.0,39900,30.092752,1203719.308083,180557.89621244997,60185.965404149996
8015500.0,40000,30.19878,1210980.289649,181647.04344734998,60549.01448245
8055600.0,40100,30.304914,1218266.750713,182740.01260695,60913.337535650004
8095800.0,40200,30.411153,1225578.71675,183836.80751249997,61278.9358375
8136100.0,40300,30.517499,1232916.213197,184937.43197955002,61645.81065985001
8176500.0,40400,30.623951,1240279.265456,186041.8898184,62013.96327280001
8217000.0,40500,30.730509,1247667.898888,187150.1848332,62383.3949444
8257600.0,40600,30.837172,1255082.138817,188262.32082254998,62754.106940850004
8298300.0,40700,30.94394,1262522.010531,189378.30157965,63126.100526550006
8339100.0,40800,31.050814,1269987.539279,190498.13089184999,63499.376963949995
8380000.0,40900,31.157792,1277478.750273,191621.81254095,63873.93751365
8421000.0,41000,31.264876,1284995.66869,192749.3503035,64249.7834345
8462100.0,41100,31.372064,1292538.319666,193880.74794990002,64626.91598330001
8503300.0,41200,31.479357,1300106.728304,195016.0092456,65005.33641520001
8544600.0,41300,31.586754,1307700.919669,196155.13795034998,65385.04598345
8586000.0,41400,31.694256,1315320.918789,197298.13781835,65766.04593945
8627500.0,41500,31.801862,1322966.750656,198445.0125984,66148.33753280001
8669100.0,41600,31.909572,1330638.440227,199595.76603405,66531.92201135
8710800.0,41700,32.017385,1338336.012421,200750.40186315,66916.80062105
8752600.0,41800,32.125303,1346059.492122,201908.9238183,67302.9746061
8794500.0,41900,32.233324,1353808.904179,203071.33562685,67690.44520895001
8836500.0,42000,32.341448,1361584.273403,204237.64101045,68079.21367015001
8878600.0,42100,32.449675,1369385.624572,205407.8436858,68469.2812286
8920800.0,42200,32.558006,1377212.982428,206581.9473642,68860.64912140001
8963100.0,42300,32.66644,1385066.371676,207759.9557514,69253.3185838
9005500.0,42400,32.774976,1392945.816989,208941.87254835,69647.29084945
9048000.0,42500,32.883615,1400851.343001,210127.70145014997,70042.56715005
9090600.0,42600,32.992357,1408782.974316,211317.44614739998,70439.14871580001
9133300.0,42700,33.1012,1416740.735498,212511.11032469998,70837.0367749
9176100.0,42800,33.210147,1424724.651081,213708.69766215,71236.23255405
9219000.0,42900,33.319195,1432734.745562,214910.2118343,71636.7372781
9262000.0,43000,33.428345,1440771.043404,216115.6565106,72038.55217020001
9305100.0,43100,33.537597,1448833.569037,217325.03535554998,72441.67845185
9348300.0,43200,33.646951,1456922.346855,218538.35202824997,72846.11734275
9391600.0,43300,33.756406,1465037.40122,219755.610183,73251.87006100001
9435000.0,43400,33.865962,1473178.756458,220976.8134687,73658.9378229
9478500.0,43500,33.97562,1481346.436864,222201.9655296,74067.3218432
9522100.0,43600,34.085379,1489540.466696,223431.07000439998,74477.0233348
9565800.0,43700,34.195239,1497760.870183,224664.13052745,74888.04350915001
9609600.0,43800,34.3052,1506007.671517,225901.15072755,75300.38357585
9653500.0,43900,34.415261,1514280.894857,227142.13422855,75714.04474285
9697500.0,44000,34.525423,1522580.564331,228387.08464965,76129.02821655
9741600.0,44100,34.635685,1530906.704033,229636.00560494998,76545.33520165
9785800.0,44200,34.746048,1539259.338024,230888.9007036,76962.9669012
9830100.0,44300,34.85651,1547638.490332,232145.77354979998,77381.9245166
9874500.0,44400,34.967073,1556044.184953,233406.62774295,77802.20924765
9919000.0,44500,35.077735,1564476.44585,234671.4668775,78223.8222925
9963600.0,44600,35.188498,1572935.296954,235940.29454309997,78646.7648477
10000000.0,36400,35.29936,1287243.695516,193086.5543274,64362.18477580001
